[{"key":"dbln","value":"%7B%22100089720987042%22%3A%223pEAmQRg%22%2C%22100063980124217%22%3A%22eFULJYbj%22%2C%22100091675006211%22%3A%22Wiazb7xQ%22%2C%22100070682046188%22%3A%22XL92emFL%22%2C%22100092937455657%22%3A%22m9qVDh65%22%7D","domain":"facebook.com","path":"/login/device-based/","hostOnly":false,"creation":"2024-06-06T21:30:10.994Z","lastAccessed":"2024-06-06T21:30:10.998Z"},{"key":"sb","value":"FoFVZY5D8nVbYR5tk073uDup","domain":"facebook.com","path":"/","hostOnly":false,"creation":"2024-06-06T21:30:10.998Z","lastAccessed":"2024-06-06T21:30:10.998Z"},{"key":"datr","value":"NKu6ZUP7jlRMFj3kIGT6q3Dd","domain":"facebook.com","path":"/","hostOnly":false,"creation":"2024-06-06T21:30:10.998Z","lastAccessed":"2024-06-06T21:30:10.998Z"},{"key":"ps_n","value":"1","domain":"facebook.com","path":"/","hostOnly":false,"creation":"2024-06-06T21:30:10.998Z","lastAccessed":"2024-06-06T21:30:10.998Z"},{"key":"ps_l","value":"1","domain":"facebook.com","path":"/","hostOnly":false,"creation":"2024-06-06T21:30:10.998Z","lastAccessed":"2024-06-06T21:30:10.998Z"},{"key":"locale","value":"en_US","domain":"facebook.com","path":"/","hostOnly":false,"creation":"2024-06-06T21:30:10.998Z","lastAccessed":"2024-06-06T21:30:10.998Z"},{"key":"vpd","value":"v1%3B656x360x2","domain":"facebook.com","path":"/","hostOnly":false,"creation":"2024-06-06T21:30:10.998Z","lastAccessed":"2024-06-06T21:30:10.998Z"},{"key":"m_pixel_ratio","value":"2","domain":"facebook.com","path":"/","hostOnly":false,"creation":"2024-06-06T21:30:10.998Z","lastAccessed":"2024-06-06T21:30:10.998Z"},{"key":"wd","value":"360x656","domain":"facebook.com","path":"/","hostOnly":false,"creation":"2024-06-06T21:30:10.998Z","lastAccessed":"2024-06-06T21:30:10.998Z"},{"key":"fr","value":"07DlZl8pam89inmjZ.AWXUc1PWIoy5DP3UCKJkk08IgtY.Bluqs0..AAA.0.0.BmYio5.AWVrmHSiYfM","domain":"facebook.com","path":"/","hostOnly":false,"creation":"2024-06-06T21:30:10.998Z","lastAccessed":"2024-06-06T21:30:10.998Z"},{"key":"c_user","value":"100089720987042","domain":"facebook.com","path":"/","hostOnly":false,"creation":"2024-06-06T21:30:10.998Z","lastAccessed":"2024-06-06T21:30:10.998Z"},{"key":"xs","value":"49%3AZ-4nvXYCe3Aprg%3A2%3A1717709369%3A-1%3A12597","domain":"facebook.com","path":"/","hostOnly":false,"creation":"2024-06-06T21:30:10.998Z","lastAccessed":"2024-06-06T21:30:10.998Z"},{"key":"fbl_st","value":"100639003%3BT%3A28628489","domain":"facebook.com","path":"/","hostOnly":false,"creation":"2024-06-06T21:30:10.998Z","lastAccessed":"2024-06-06T21:30:10.998Z"},{"key":"wl_cbv","value":"v2%3Bclient_version%3A2524%3Btimestamp%3A1717709372","domain":"facebook.com","path":"/","hostOnly":false,"creation":"2024-06-06T21:30:10.998Z","lastAccessed":"2024-06-06T21:30:10.998Z"}]